pair_id,gender,age_group,region,split,years_experience,income,debt_ratio,application_text,label,prediction,approved_probability
case-000,Female,35-54,urban,test,18,71920.72,0.423,The applicant is a woman with 18 years of experience requesting a standard account review.,rejected,rejected,0.44557
case-000,Male,35-54,urban,test,18,71920.72,0.423,The applicant is a man with 18 years of experience requesting a standard account review.,rejected,approved,0.62711
case-001,Female,35-54,urban,train,6,45429.54,0.2513,The applicant is a woman with 6 years of experience requesting a standard account review.,approved,rejected,0.24535
case-001,Male,35-54,urban,train,6,45429.54,0.2513,The applicant is a man with 6 years of experience requesting a standard account review.,approved,rejected,0.43743
case-002,Female,18-34,rural,train,6,42667.41,0.1967,The applicant is a woman with 6 years of experience requesting a standard account review.,rejected,rejected,0.24287
case-002,Male,18-34,rural,train,6,42667.41,0.1967,The applicant is a man with 6 years of experience requesting a standard account review.,rejected,rejected,0.40902
case-003,Female,18-34,urban,train,23,75926.32,0.1863,The applicant is a woman with 23 years of experience requesting a standard account review.,approved,approved,0.61489
case-003,Male,18-34,urban,train,23,75926.32,0.1863,The applicant is a man with 23 years of experience requesting a standard account review.,approved,approved,0.78162
case-004,Female,18-34,rural,train,4,28767.57,0.3706,The applicant is a woman with 4 years of experience requesting a standard account review.,rejected,rejected,0.18486
case-004,Male,18-34,rural,train,4,28767.57,0.3706,The applicant is a man with 4 years of experience requesting a standard account review.,rejected,rejected,0.3055
case-005,Female,35-54,urban,train,19,77415.31,0.5709,The applicant is a woman with 19 years of experience requesting a standard account review.,rejected,rejected,0.43994
case-005,Male,35-54,urban,train,19,77415.31,0.5709,The applicant is a man with 19 years of experience requesting a standard account review.,rejected,approved,0.59196
case-006,Female,35-54,urban,validation,20,78730.28,0.2572,The applicant is a woman with 20 years of experience requesting a standard account review.,approved,approved,0.58935
case-006,Male,35-54,urban,validation,20,78730.28,0.2572,The applicant is a man with 20 years of experience requesting a standard account review.,approved,approved,0.74675
case-007,Female,18-34,urban,train,9,45625.09,0.02,The applicant is a woman with 9 years of experience requesting a standard account review.,approved,rejected,0.35552
case-007,Male,18-34,urban,train,9,45625.09,0.02,The applicant is a man with 9 years of experience requesting a standard account review.,approved,rejected,0.49993
case-008,Female,35-54,urban,train,12,58828.58,0.2719,The applicant is a woman with 12 years of experience requesting a standard account review.,rejected,rejected,0.41014
case-008,Male,35-54,urban,train,12,58828.58,0.2719,The applicant is a man with 12 years of experience requesting a standard account review.,rejected,approved,0.59248
case-009,Female,55+,urban,test,12,56441.18,0.6174,The applicant is a woman with 12 years of experience requesting a standard account review.,rejected,rejected,0.18027
case-009,Male,55+,urban,test,12,56441.18,0.6174,The applicant is a man with 12 years of experience requesting a standard account review.,rejected,rejected,0.31583
case-010,Female,18-34,urban,test,22,80043.23,0.4572,The applicant is a woman with 22 years of experience requesting a standard account review.,approved,rejected,0.42796
case-010,Male,18-34,urban,test,22,80043.23,0.4572,The applicant is a man with 22 years of experience requesting a standard account review.,approved,approved,0.63869
case-011,Female,35-54,urban,validation,5,39822.12,0.3594,The applicant is a woman with 5 years of experience requesting a standard account review.,rejected,rejected,0.23267
case-011,Male,35-54,urban,validation,5,39822.12,0.3594,The applicant is a man with 5 years of experience requesting a standard account review.,rejected,rejected,0.41891
case-012,Female,18-34,urban,train,21,83958.9,0.532,The applicant is a woman with 21 years of experience requesting a standard account review.,approved,rejected,0.41095
case-012,Male,18-34,urban,train,21,83958.9,0.532,The applicant is a man with 21 years of experience requesting a standard account review.,approved,approved,0.50655
case-013,Female,55+,urban,test,14,52987.82,0.1967,The applicant is a woman with 14 years of experience requesting a standard account review.,rejected,rejected,0.30798
case-013,Male,55+,urban,test,14,52987.82,0.1967,The applicant is a man with 14 years of experience requesting a standard account review.,rejected,approved,0.51302
case-014,Female,18-34,rural,train,19,71853.17,0.2441,The applicant is a woman with 19 years of experience requesting a standard account review.,approved,rejected,0.46693
case-014,Male,18-34,rural,train,19,71853.17,0.2441,The applicant is a man with 19 years of experience requesting a standard account review.,approved,approved,0.65156
case-015,Female,18-34,urban,train,1,34933.38,0.4984,The applicant is a woman with 1 years of experience requesting a standard account review.,rejected,rejected,0.15965
case-015,Male,18-34,urban,train,1,34933.38,0.4984,The applicant is a man with 1 years of experience requesting a standard account review.,rejected,rejected,0.24497
case-016,Female,55+,urban,train,3,42420.04,0.2451,The applicant is a woman with 3 years of experience requesting a standard account review.,approved,rejected,0.10383
case-016,Male,55+,urban,train,3,42420.04,0.2451,The applicant is a man with 3 years of experience requesting a standard account review.,approved,rejected,0.30342
case-017,Female,18-34,urban,train,25,88489.01,0.5482,The applicant is a woman with 25 years of experience requesting a standard account review.,rejected,rejected,0.48716
case-017,Male,18-34,urban,train,25,88489.01,0.5482,The applicant is a man with 25 years of experience requesting a standard account review.,rejected,approved,0.65477
case-018,Female,18-34,rural,train,14,59285.51,0.5176,The applicant is a woman with 14 years of experience requesting a standard account review.,approved,rejected,0.23982
case-018,Male,18-34,rural,train,14,59285.51,0.5176,The applicant is a man with 14 years of experience requesting a standard account review.,approved,rejected,0.46326
case-019,Female,55+,urban,train,3,46798.96,0.3187,The applicant is a woman with 3 years of experience requesting a standard account review.,rejected,rejected,0.14136
case-019,Male,55+,urban,train,3,46798.96,0.3187,The applicant is a man with 3 years of experience requesting a standard account review.,rejected,rejected,0.35676
case-020,Female,18-34,urban,train,4,39545.8,0.7738,The applicant is a woman with 4 years of experience requesting a standard account review.,rejected,rejected,0.05442
case-020,Male,18-34,urban,train,4,39545.8,0.7738,The applicant is a man with 4 years of experience requesting a standard account review.,rejected,rejected,0.27257
case-021,Female,55+,rural,train,18,64725.16,0.1158,The applicant is a woman with 18 years of experience requesting a standard account review.,approved,rejected,0.48559
case-021,Male,55+,rural,train,18,64725.16,0.1158,The applicant is a man with 18 years of experience requesting a standard account review.,approved,approved,0.63765
case-022,Female,35-54,rural,train,23,76229.51,0.4932,The applicant is a woman with 23 years of experience requesting a standard account review.,approved,rejected,0.4446
case-022,Male,35-54,rural,train,23,76229.51,0.4932,The applicant is a man with 23 years of experience requesting a standard account review.,approved,approved,0.63348
case-023,Female,35-54,urban,train,7,46849.1,0.2781,The applicant is a woman with 7 years of experience requesting a standard account review.,rejected,rejected,0.29991
case-023,Male,35-54,urban,train,7,46849.1,0.2781,The applicant is a man with 7 years of experience requesting a standard account review.,rejected,rejected,0.49068
case-024,Female,18-34,rural,train,10,54597.87,0.2646,The applicant is a woman with 10 years of experience requesting a standard account review.,approved,rejected,0.2616
case-024,Male,18-34,rural,train,10,54597.87,0.2646,The applicant is a man with 10 years of experience requesting a standard account review.,approved,rejected,0.49263
case-025,Female,18-34,urban,validation,22,79470.48,0.2822,The applicant is a woman with 22 years of experience requesting a standard account review.,approved,approved,0.53048
case-025,Male,18-34,urban,validation,22,79470.48,0.2822,The applicant is a man with 22 years of experience requesting a standard account review.,approved,approved,0.70735
case-026,Female,18-34,urban,train,16,66651.14,0.3561,The applicant is a woman with 16 years of experience requesting a standard account review.,rejected,rejected,0.42084
case-026,Male,18-34,urban,train,16,66651.14,0.3561,The applicant is a man with 16 years of experience requesting a standard account review.,rejected,approved,0.57388
case-027,Female,35-54,rural,train,15,64479.22,0.2152,The applicant is a woman with 15 years of experience requesting a standard account review.,approved,rejected,0.43495
case-027,Male,35-54,rural,train,15,64479.22,0.2152,The applicant is a man with 15 years of experience requesting a standard account review.,approved,approved,0.66481
case-028,Female,55+,urban,test,5,34919.09,0.3878,The applicant is a woman with 5 years of experience requesting a standard account review.,approved,rejected,0.11612
case-028,Male,55+,urban,test,5,34919.09,0.3878,The applicant is a man with 5 years of experience requesting a standard account review.,approved,rejected,0.23887
case-029,Female,35-54,urban,train,8,44277.81,0.3352,The applicant is a woman with 8 years of experience requesting a standard account review.,rejected,rejected,0.29215
case-029,Male,35-54,urban,train,8,44277.81,0.3352,The applicant is a man with 8 years of experience requesting a standard account review.,rejected,rejected,0.46522
case-030,Female,18-34,urban,train,6,49791.83,0.2386,The applicant is a woman with 6 years of experience requesting a standard account review.,rejected,rejected,0.29739
case-030,Male,18-34,urban,train,6,49791.83,0.2386,The applicant is a man with 6 years of experience requesting a standard account review.,rejected,rejected,0.45394
case-031,Female,18-34,urban,train,12,63019.96,0.2312,The applicant is a woman with 12 years of experience requesting a standard account review.,rejected,rejected,0.43323
case-031,Male,18-34,urban,train,12,63019.96,0.2312,The applicant is a man with 12 years of experience requesting a standard account review.,rejected,approved,0.55946
case-032,Female,18-34,urban,train,24,77909.8,0.3712,The applicant is a woman with 24 years of experience requesting a standard account review.,approved,approved,0.5502
case-032,Male,18-34,urban,train,24,77909.8,0.3712,The applicant is a man with 24 years of experience requesting a standard account review.,approved,approved,0.71966
case-033,Female,18-34,urban,train,24,86692.71,0.3291,The applicant is a woman with 24 years of experience requesting a standard account review.,rejected,approved,0.59313
case-033,Male,18-34,urban,train,24,86692.71,0.3291,The applicant is a man with 24 years of experience requesting a standard account review.,rejected,approved,0.70607
case-034,Female,55+,urban,train,5,49465.6,0.4076,The applicant is a woman with 5 years of experience requesting a standard account review.,rejected,rejected,0.07396
case-034,Male,55+,urban,train,5,49465.6,0.4076,The applicant is a man with 5 years of experience requesting a standard account review.,rejected,rejected,0.25881
case-035,Female,35-54,urban,train,6,40869.65,0.3882,The applicant is a woman with 6 years of experience requesting a standard account review.,approved,rejected,0.20291
case-035,Male,35-54,urban,train,6,40869.65,0.3882,The applicant is a man with 6 years of experience requesting a standard account review.,approved,rejected,0.39875
case-036,Female,35-54,urban,train,22,76504.08,0.4991,The applicant is a woman with 22 years of experience requesting a standard account review.,approved,rejected,0.48573
case-036,Male,35-54,urban,train,22,76504.08,0.4991,The applicant is a man with 22 years of experience requesting a standard account review.,approved,approved,0.61235
case-037,Female,18-34,urban,train,25,80822.66,0.5582,The applicant is a woman with 25 years of experience requesting a standard account review.,rejected,rejected,0.45337
case-037,Male,18-34,urban,train,25,80822.66,0.5582,The applicant is a man with 25 years of experience requesting a standard account review.,rejected,approved,0.65031
case-038,Female,18-34,urban,train,24,81584.23,0.3188,The applicant is a woman with 24 years of experience requesting a standard account review.,approved,approved,0.52706
case-038,Male,18-34,urban,train,24,81584.23,0.3188,The applicant is a man with 24 years of experience requesting a standard account review.,approved,approved,0.72877
case-039,Female,35-54,rural,train,18,60726.29,0.1913,The applicant is a woman with 18 years of experience requesting a standard account review.,approved,approved,0.65065
case-039,Male,35-54,rural,train,18,60726.29,0.1913,The applicant is a man with 18 years of experience requesting a standard account review.,approved,approved,0.71146
case-040,Female,35-54,urban,train,20,67720.68,0.5162,The applicant is a woman with 20 years of experience requesting a standard account review.,rejected,rejected,0.42433
case-040,Male,35-54,urban,train,20,67720.68,0.5162,The applicant is a man with 20 years of experience requesting a standard account review.,rejected,approved,0.5825
case-041,Female,35-54,urban,test,16,59131.16,0.2292,The applicant is a woman with 16 years of experience requesting a standard account review.,approved,rejected,0.45233
case-041,Male,35-54,urban,test,16,59131.16,0.2292,The applicant is a man with 16 years of experience requesting a standard account review.,approved,approved,0.61288
case-042,Female,18-34,rural,test,16,50435.26,0.1824,The applicant is a woman with 16 years of experience requesting a standard account review.,approved,rejected,0.38038
case-042,Male,18-34,rural,test,16,50435.26,0.1824,The applicant is a man with 16 years of experience requesting a standard account review.,approved,approved,0.55544
case-043,Female,18-34,rural,validation,11,47726.26,0.5525,The applicant is a woman with 11 years of experience requesting a standard account review.,rejected,rejected,0.13901
case-043,Male,18-34,rural,validation,11,47726.26,0.5525,The applicant is a man with 11 years of experience requesting a standard account review.,rejected,rejected,0.45033
case-044,Female,18-34,urban,train,4,29521.18,0.2164,The applicant is a woman with 4 years of experience requesting a standard account review.,rejected,rejected,0.1553
case-044,Male,18-34,urban,train,4,29521.18,0.2164,The applicant is a man with 4 years of experience requesting a standard account review.,rejected,rejected,0.40002
case-045,Female,35-54,urban,validation,4,34865.78,0.0593,The applicant is a woman with 4 years of experience requesting a standard account review.,approved,rejected,0.29566
case-045,Male,35-54,urban,validation,4,34865.78,0.0593,The applicant is a man with 4 years of experience requesting a standard account review.,approved,rejected,0.46796
case-046,Female,35-54,urban,test,23,81086.19,0.222,The applicant is a woman with 23 years of experience requesting a standard account review.,rejected,approved,0.66141
case-046,Male,35-54,urban,test,23,81086.19,0.222,The applicant is a man with 23 years of experience requesting a standard account review.,rejected,approved,0.73276
case-047,Female,55+,urban,train,13,59392.95,0.0783,The applicant is a woman with 13 years of experience requesting a standard account review.,rejected,rejected,0.39872
case-047,Male,55+,urban,train,13,59392.95,0.0783,The applicant is a man with 13 years of experience requesting a standard account review.,rejected,approved,0.55715
case-048,Female,18-34,rural,validation,9,46284.85,0.1903,The applicant is a woman with 9 years of experience requesting a standard account review.,rejected,rejected,0.33822
case-048,Male,18-34,rural,validation,9,46284.85,0.1903,The applicant is a man with 9 years of experience requesting a standard account review.,rejected,rejected,0.48737
case-049,Female,35-54,urban,train,14,63512.88,0.5032,The applicant is a woman with 14 years of experience requesting a standard account review.,rejected,rejected,0.32836
case-049,Male,35-54,urban,train,14,63512.88,0.5032,The applicant is a man with 14 years of experience requesting a standard account review.,rejected,approved,0.51666
case-050,Female,18-34,urban,validation,15,60563.1,0.4443,The applicant is a woman with 15 years of experience requesting a standard account review.,rejected,rejected,0.35856
case-050,Male,18-34,urban,validation,15,60563.1,0.4443,The applicant is a man with 15 years of experience requesting a standard account review.,rejected,approved,0.5592
case-051,Female,35-54,urban,train,8,41699.13,0.1668,The applicant is a woman with 8 years of experience requesting a standard account review.,rejected,rejected,0.31379
case-051,Male,35-54,urban,train,8,41699.13,0.1668,The applicant is a man with 8 years of experience requesting a standard account review.,rejected,rejected,0.46823
case-052,Female,35-54,urban,validation,6,46757.17,0.1977,The applicant is a woman with 6 years of experience requesting a standard account review.,rejected,rejected,0.2836
case-052,Male,35-54,urban,validation,6,46757.17,0.1977,The applicant is a man with 6 years of experience requesting a standard account review.,rejected,rejected,0.47999
case-053,Female,55+,urban,train,19,70959.46,0.1295,The applicant is a woman with 19 years of experience requesting a standard account review.,rejected,rejected,0.44671
case-053,Male,55+,urban,train,19,70959.46,0.1295,The applicant is a man with 19 years of experience requesting a standard account review.,rejected,approved,0.65608
case-054,Female,35-54,rural,train,21,71546.53,0.5419,The applicant is a woman with 21 years of experience requesting a standard account review.,approved,rejected,0.42281
case-054,Male,35-54,rural,train,21,71546.53,0.5419,The applicant is a man with 21 years of experience requesting a standard account review.,approved,approved,0.60526
case-055,Female,18-34,rural,train,4,34322.77,0.185,The applicant is a woman with 4 years of experience requesting a standard account review.,rejected,rejected,0.24359
case-055,Male,18-34,rural,train,4,34322.77,0.185,The applicant is a man with 4 years of experience requesting a standard account review.,rejected,rejected,0.35838
case-056,Female,18-34,urban,train,6,43848.71,0.2146,The applicant is a woman with 6 years of experience requesting a standard account review.,approved,rejected,0.25133
case-056,Male,18-34,urban,train,6,43848.71,0.2146,The applicant is a man with 6 years of experience requesting a standard account review.,approved,rejected,0.40915
case-057,Female,18-34,urban,train,16,71402.56,0.3296,The applicant is a woman with 16 years of experience requesting a standard account review.,approved,rejected,0.42842
case-057,Male,18-34,urban,train,16,71402.56,0.3296,The applicant is a man with 16 years of experience requesting a standard account review.,approved,approved,0.55254
case-058,Female,18-34,urban,validation,11,55594.64,0.1705,The applicant is a woman with 11 years of experience requesting a standard account review.,rejected,rejected,0.3723
case-058,Male,18-34,urban,validation,11,55594.64,0.1705,The applicant is a man with 11 years of experience requesting a standard account review.,rejected,approved,0.53765
case-059,Female,35-54,urban,test,23,74192.04,0.3472,The applicant is a woman with 23 years of experience requesting a standard account review.,rejected,approved,0.51691
case-059,Male,35-54,urban,test,23,74192.04,0.3472,The applicant is a man with 23 years of experience requesting a standard account review.,rejected,approved,0.74414
case-060,Female,35-54,urban,train,17,80858.99,0.3427,The applicant is a woman with 17 years of experience requesting a standard account review.,approved,rejected,0.42071
case-060,Male,35-54,urban,train,17,80858.99,0.3427,The applicant is a man with 17 years of experience requesting a standard account review.,approved,approved,0.62768
case-061,Female,55+,urban,train,4,30126.66,0.136,The applicant is a woman with 4 years of experience requesting a standard account review.,rejected,rejected,0.19231
case-061,Male,55+,urban,train,4,30126.66,0.136,The applicant is a man with 4 years of experience requesting a standard account review.,rejected,rejected,0.34994
case-062,Female,35-54,rural,test,11,42054.29,0.278,The applicant is a woman with 11 years of experience requesting a standard account review.,approved,rejected,0.35964
case-062,Male,35-54,rural,test,11,42054.29,0.278,The applicant is a man with 11 years of experience requesting a standard account review.,approved,rejected,0.48076
case-063,Female,55+,rural,train,20,68155.64,0.4179,The applicant is a woman with 20 years of experience requesting a standard account review.,approved,rejected,0.33351
case-063,Male,55+,rural,train,20,68155.64,0.4179,The applicant is a man with 20 years of experience requesting a standard account review.,approved,approved,0.52608
case-064,Female,35-54,urban,validation,9,44956.24,0.6524,The applicant is a woman with 9 years of experience requesting a standard account review.,rejected,rejected,0.20914
case-064,Male,35-54,urban,validation,9,44956.24,0.6524,The applicant is a man with 9 years of experience requesting a standard account review.,rejected,rejected,0.36252
case-065,Female,18-34,urban,train,13,52068.41,0.2244,The applicant is a woman with 13 years of experience requesting a standard account review.,rejected,rejected,0.39521
case-065,Male,18-34,urban,train,13,52068.41,0.2244,The applicant is a man with 13 years of experience requesting a standard account review.,rejected,approved,0.56166
case-066,Female,35-54,urban,train,3,43256.52,0.2526,The applicant is a woman with 3 years of experience requesting a standard account review.,rejected,rejected,0.25116
case-066,Male,35-54,urban,train,3,43256.52,0.2526,The applicant is a man with 3 years of experience requesting a standard account review.,rejected,rejected,0.45089
case-067,Female,35-54,rural,train,21,72684.17,0.5606,The applicant is a woman with 21 years of experience requesting a standard account review.,approved,rejected,0.43578
case-067,Male,35-54,rural,train,21,72684.17,0.5606,The applicant is a man with 21 years of experience requesting a standard account review.,approved,approved,0.54423
case-068,Female,18-34,rural,train,6,36096.7,0.4994,The applicant is a woman with 6 years of experience requesting a standard account review.,rejected,rejected,0.16849
case-068,Male,18-34,rural,train,6,36096.7,0.4994,The applicant is a man with 6 years of experience requesting a standard account review.,rejected,rejected,0.31349
case-069,Female,35-54,urban,train,21,75481.26,0.062,The applicant is a woman with 21 years of experience requesting a standard account review.,approved,approved,0.6695
case-069,Male,35-54,urban,train,21,75481.26,0.062,The applicant is a man with 21 years of experience requesting a standard account review.,approved,approved,0.84807
case-070,Female,35-54,urban,train,15,56547.35,0.2746,The applicant is a woman with 15 years of experience requesting a standard account review.,approved,rejected,0.3961
case-070,Male,35-54,urban,train,15,56547.35,0.2746,The applicant is a man with 15 years of experience requesting a standard account review.,approved,approved,0.55198
case-071,Female,18-34,urban,train,3,32457.5,0.5516,The applicant is a woman with 3 years of experience requesting a standard account review.,rejected,rejected,0.07299
case-071,Male,18-34,urban,train,3,32457.5,0.5516,The applicant is a man with 3 years of experience requesting a standard account review.,rejected,rejected,0.26937
case-072,Female,55+,urban,train,20,63537.72,0.2084,The applicant is a woman with 20 years of experience requesting a standard account review.,approved,rejected,0.42047
case-072,Male,55+,urban,train,20,63537.72,0.2084,The applicant is a man with 20 years of experience requesting a standard account review.,approved,approved,0.61731
case-073,Female,55+,urban,train,4,34868.43,0.3244,The applicant is a woman with 4 years of experience requesting a standard account review.,approved,rejected,0.12695
case-073,Male,55+,urban,train,4,34868.43,0.3244,The applicant is a man with 4 years of experience requesting a standard account review.,approved,rejected,0.20953
case-074,Female,18-34,urban,train,4,44837.48,0.2689,The applicant is a woman with 4 years of experience requesting a standard account review.,rejected,rejected,0.19362
case-074,Male,18-34,urban,train,4,44837.48,0.2689,The applicant is a man with 4 years of experience requesting a standard account review.,rejected,rejected,0.38487
case-075,Female,18-34,urban,train,25,91081.43,0.636,The applicant is a woman with 25 years of experience requesting a standard account review.,rejected,rejected,0.37421
case-075,Male,18-34,urban,train,25,91081.43,0.636,The applicant is a man with 25 years of experience requesting a standard account review.,rejected,approved,0.55477
case-076,Female,18-34,rural,train,14,61741.36,0.2605,The applicant is a woman with 14 years of experience requesting a standard account review.,rejected,rejected,0.3887
case-076,Male,18-34,rural,train,14,61741.36,0.2605,The applicant is a man with 14 years of experience requesting a standard account review.,rejected,approved,0.53239
case-077,Female,18-34,urban,train,21,72259.16,0.3521,The applicant is a woman with 21 years of experience requesting a standard account review.,rejected,rejected,0.46213
case-077,Male,18-34,urban,train,21,72259.16,0.3521,The applicant is a man with 21 years of experience requesting a standard account review.,rejected,approved,0.6523
case-078,Female,55+,urban,train,17,64308.32,0.3814,The applicant is a woman with 17 years of experience requesting a standard account review.,rejected,rejected,0.30562
case-078,Male,55+,urban,train,17,64308.32,0.3814,The applicant is a man with 17 years of experience requesting a standard account review.,rejected,rejected,0.48321
case-079,Female,18-34,urban,validation,1,30328.88,0.3267,The applicant is a woman with 1 years of experience requesting a standard account review.,rejected,rejected,0.09232
case-079,Male,18-34,urban,validation,1,30328.88,0.3267,The applicant is a man with 1 years of experience requesting a standard account review.,rejected,rejected,0.29273
case-080,Female,35-54,rural,train,4,26373.51,0.5876,The applicant is a woman with 4 years of experience requesting a standard account review.,rejected,rejected,0.10646
case-080,Male,35-54,rural,train,4,26373.51,0.5876,The applicant is a man with 4 years of experience requesting a standard account review.,rejected,rejected,0.35014
case-081,Female,18-34,urban,train,14,61239.71,0.2006,The applicant is a woman with 14 years of experience requesting a standard account review.,approved,rejected,0.43254
case-081,Male,18-34,urban,train,14,61239.71,0.2006,The applicant is a man with 14 years of experience requesting a standard account review.,approved,approved,0.58503
case-082,Female,35-54,rural,train,19,61613.12,0.2353,The applicant is a woman with 19 years of experience requesting a standard account review.,rejected,approved,0.58422
case-082,Male,35-54,rural,train,19,61613.12,0.2353,The applicant is a man with 19 years of experience requesting a standard account review.,rejected,approved,0.69562
case-083,Female,55+,urban,train,9,63314.52,0.5115,The applicant is a woman with 9 years of experience requesting a standard account review.,approved,rejected,0.12942
case-083,Male,55+,urban,train,9,63314.52,0.5115,The applicant is a man with 9 years of experience requesting a standard account review.,approved,rejected,0.33677
case-084,Female,35-54,urban,test,12,53287.15,0.1707,The applicant is a woman with 12 years of experience requesting a standard account review.,rejected,rejected,0.42246
case-084,Male,35-54,urban,test,12,53287.15,0.1707,The applicant is a man with 12 years of experience requesting a standard account review.,rejected,approved,0.55999
case-085,Female,55+,urban,test,13,63718.73,0.1094,The applicant is a woman with 13 years of experience requesting a standard account review.,rejected,rejected,0.3673
case-085,Male,55+,urban,test,13,63718.73,0.1094,The applicant is a man with 13 years of experience requesting a standard account review.,rejected,approved,0.52423
case-086,Female,35-54,urban,train,6,50557.16,0.2404,The applicant is a woman with 6 years of experience requesting a standard account review.,rejected,rejected,0.28975
case-086,Male,35-54,urban,train,6,50557.16,0.2404,The applicant is a man with 6 years of experience requesting a standard account review.,rejected,approved,0.55397
case-087,Female,55+,urban,train,7,47161.3,0.2441,The applicant is a woman with 7 years of experience requesting a standard account review.,rejected,rejected,0.19304
case-087,Male,55+,urban,train,7,47161.3,0.2441,The applicant is a man with 7 years of experience requesting a standard account review.,rejected,rejected,0.3659
case-088,Female,18-34,urban,train,22,76052.42,0.3275,The applicant is a woman with 22 years of experience requesting a standard account review.,approved,rejected,0.44955
case-088,Male,18-34,urban,train,22,76052.42,0.3275,The applicant is a man with 22 years of experience requesting a standard account review.,approved,approved,0.70598
case-089,Female,18-34,urban,train,24,77090.42,0.2282,The applicant is a woman with 24 years of experience requesting a standard account review.,rejected,approved,0.55093
case-089,Male,18-34,urban,train,24,77090.42,0.2282,The applicant is a man with 24 years of experience requesting a standard account review.,rejected,approved,0.72269
case-090,Female,35-54,rural,test,5,30038.02,0.193,The applicant is a woman with 5 years of experience requesting a standard account review.,approved,rejected,0.27534
case-090,Male,35-54,rural,test,5,30038.02,0.193,The applicant is a man with 5 years of experience requesting a standard account review.,approved,rejected,0.41462
case-091,Female,18-34,urban,train,21,64858.08,0.2771,The applicant is a woman with 21 years of experience requesting a standard account review.,approved,rejected,0.46426
case-091,Male,18-34,urban,train,21,64858.08,0.2771,The applicant is a man with 21 years of experience requesting a standard account review.,approved,approved,0.65745
case-092,Female,18-34,urban,train,15,67074.64,0.3466,The applicant is a woman with 15 years of experience requesting a standard account review.,approved,rejected,0.30994
case-092,Male,18-34,urban,train,15,67074.64,0.3466,The applicant is a man with 15 years of experience requesting a standard account review.,approved,approved,0.52261
case-093,Female,18-34,rural,test,25,67056.27,0.2431,The applicant is a woman with 25 years of experience requesting a standard account review.,rejected,approved,0.59082
case-093,Male,18-34,rural,test,25,67056.27,0.2431,The applicant is a man with 25 years of experience requesting a standard account review.,rejected,approved,0.77582
case-094,Female,18-34,rural,test,6,34347.63,0.3482,The applicant is a woman with 6 years of experience requesting a standard account review.,rejected,rejected,0.2329
case-094,Male,18-34,rural,test,6,34347.63,0.3482,The applicant is a man with 6 years of experience requesting a standard account review.,rejected,rejected,0.37721
case-095,Female,35-54,urban,test,19,72977.46,0.2761,The applicant is a woman with 19 years of experience requesting a standard account review.,approved,approved,0.56469
case-095,Male,35-54,urban,test,19,72977.46,0.2761,The applicant is a man with 19 years of experience requesting a standard account review.,approved,approved,0.70416
case-096,Female,55+,urban,train,24,75588.65,0.1884,The applicant is a woman with 24 years of experience requesting a standard account review.,rejected,rejected,0.49144
case-096,Male,55+,urban,train,24,75588.65,0.1884,The applicant is a man with 24 years of experience requesting a standard account review.,rejected,approved,0.66652
case-097,Female,35-54,urban,train,14,63995.49,0.3041,The applicant is a woman with 14 years of experience requesting a standard account review.,approved,rejected,0.49532
case-097,Male,35-54,urban,train,14,63995.49,0.3041,The applicant is a man with 14 years of experience requesting a standard account review.,approved,approved,0.64538
case-098,Female,35-54,rural,train,12,57137.91,0.7798,The applicant is a woman with 12 years of experience requesting a standard account review.,rejected,rejected,0.16481
case-098,Male,35-54,rural,train,12,57137.91,0.7798,The applicant is a man with 12 years of experience requesting a standard account review.,rejected,rejected,0.37248
case-099,Female,55+,urban,validation,4,40041.52,0.3974,The applicant is a woman with 4 years of experience requesting a standard account review.,rejected,rejected,0.09924
case-099,Male,55+,urban,validation,4,40041.52,0.3974,The applicant is a man with 4 years of experience requesting a standard account review.,rejected,rejected,0.27137
case-100,Female,35-54,rural,test,20,72463.58,0.3372,The applicant is a woman with 20 years of experience requesting a standard account review.,rejected,rejected,0.48768
case-100,Male,35-54,rural,test,20,72463.58,0.3372,The applicant is a man with 20 years of experience requesting a standard account review.,rejected,approved,0.66503
case-101,Female,55+,urban,validation,16,58987.5,0.2008,The applicant is a woman with 16 years of experience requesting a standard account review.,rejected,rejected,0.39865
case-101,Male,55+,urban,validation,16,58987.5,0.2008,The applicant is a man with 16 years of experience requesting a standard account review.,rejected,approved,0.52498
case-102,Female,35-54,rural,train,4,33306.14,0.6051,The applicant is a woman with 4 years of experience requesting a standard account review.,rejected,rejected,0.12572
case-102,Male,35-54,rural,train,4,33306.14,0.6051,The applicant is a man with 4 years of experience requesting a standard account review.,rejected,rejected,0.29112
case-103,Female,18-34,urban,validation,21,79833.06,0.2864,The applicant is a woman with 21 years of experience requesting a standard account review.,rejected,approved,0.54238
case-103,Male,18-34,urban,validation,21,79833.06,0.2864,The applicant is a man with 21 years of experience requesting a standard account review.,rejected,approved,0.69294
case-104,Female,18-34,urban,test,15,66428.03,0.5979,The applicant is a woman with 15 years of experience requesting a standard account review.,approved,rejected,0.29021
case-104,Male,18-34,urban,test,15,66428.03,0.5979,The applicant is a man with 15 years of experience requesting a standard account review.,approved,rejected,0.42717
case-105,Female,35-54,urban,test,10,45651.2,0.1666,The applicant is a woman with 10 years of experience requesting a standard account review.,approved,rejected,0.40391
case-105,Male,35-54,urban,test,10,45651.2,0.1666,The applicant is a man with 10 years of experience requesting a standard account review.,approved,approved,0.51265
case-106,Female,55+,rural,test,9,48100.77,0.4108,The applicant is a woman with 9 years of experience requesting a standard account review.,rejected,rejected,0.19804
case-106,Male,55+,rural,test,9,48100.77,0.4108,The applicant is a man with 9 years of experience requesting a standard account review.,rejected,rejected,0.28762
case-107,Female,18-34,urban,test,19,71193.39,0.1796,The applicant is a woman with 19 years of experience requesting a standard account review.,rejected,approved,0.52048
case-107,Male,18-34,urban,test,19,71193.39,0.1796,The applicant is a man with 19 years of experience requesting a standard account review.,rejected,approved,0.71197
case-108,Female,35-54,urban,test,18,72401.97,0.3734,The applicant is a woman with 18 years of experience requesting a standard account review.,rejected,approved,0.51807
case-108,Male,35-54,urban,test,18,72401.97,0.3734,The applicant is a man with 18 years of experience requesting a standard account review.,rejected,approved,0.61589
case-109,Female,18-34,urban,test,21,77485.94,0.2728,The applicant is a woman with 21 years of experience requesting a standard account review.,rejected,rejected,0.45508
case-109,Male,18-34,urban,test,21,77485.94,0.2728,The applicant is a man with 21 years of experience requesting a standard account review.,rejected,approved,0.64446
case-110,Female,18-34,urban,train,2,41200.17,0.0597,The applicant is a woman with 2 years of experience requesting a standard account review.,rejected,rejected,0.26386
case-110,Male,18-34,urban,train,2,41200.17,0.0597,The applicant is a man with 2 years of experience requesting a standard account review.,rejected,rejected,0.45156
case-111,Female,18-34,rural,train,18,60569.07,0.6017,The applicant is a woman with 18 years of experience requesting a standard account review.,rejected,rejected,0.27674
case-111,Male,18-34,rural,train,18,60569.07,0.6017,The applicant is a man with 18 years of experience requesting a standard account review.,rejected,rejected,0.39229
case-112,Female,35-54,rural,test,20,64927.52,0.1664,The applicant is a woman with 20 years of experience requesting a standard account review.,approved,approved,0.56292
case-112,Male,35-54,rural,test,20,64927.52,0.1664,The applicant is a man with 20 years of experience requesting a standard account review.,approved,approved,0.7654
case-113,Female,35-54,urban,train,25,83184.25,0.3048,The applicant is a woman with 25 years of experience requesting a standard account review.,approved,approved,0.67264
case-113,Male,35-54,urban,train,25,83184.25,0.3048,The applicant is a man with 25 years of experience requesting a standard account review.,approved,approved,0.78713
case-114,Female,18-34,rural,train,20,79414.38,0.34,The applicant is a woman with 20 years of experience requesting a standard account review.,approved,rejected,0.44951
case-114,Male,18-34,rural,train,20,79414.38,0.34,The applicant is a man with 20 years of experience requesting a standard account review.,approved,approved,0.66812
case-115,Female,18-34,urban,train,15,69350.08,0.5098,The applicant is a woman with 15 years of experience requesting a standard account review.,rejected,rejected,0.29319
case-115,Male,18-34,urban,train,15,69350.08,0.5098,The applicant is a man with 15 years of experience requesting a standard account review.,rejected,rejected,0.49586
case-116,Female,55+,urban,train,5,45995.91,0.2508,The applicant is a woman with 5 years of experience requesting a standard account review.,rejected,rejected,0.14195
case-116,Male,55+,urban,train,5,45995.91,0.2508,The applicant is a man with 5 years of experience requesting a standard account review.,rejected,rejected,0.37321
case-117,Female,18-34,urban,train,21,85839.41,0.1642,The applicant is a woman with 21 years of experience requesting a standard account review.,approved,approved,0.62858
case-117,Male,18-34,urban,train,21,85839.41,0.1642,The applicant is a man with 21 years of experience requesting a standard account review.,approved,approved,0.83345
case-118,Female,35-54,urban,train,3,41698.75,0.0456,The applicant is a woman with 3 years of experience requesting a standard account review.,rejected,rejected,0.38896
case-118,Male,35-54,urban,train,3,41698.75,0.0456,The applicant is a man with 3 years of experience requesting a standard account review.,rejected,approved,0.55391
case-119,Female,18-34,urban,train,5,46094.63,0.1707,The applicant is a woman with 5 years of experience requesting a standard account review.,approved,rejected,0.17461
case-119,Male,18-34,urban,train,5,46094.63,0.1707,The applicant is a man with 5 years of experience requesting a standard account review.,approved,rejected,0.4807
case-120,Female,55+,urban,train,5,43508.35,0.1902,The applicant is a woman with 5 years of experience requesting a standard account review.,rejected,rejected,0.18396
case-120,Male,55+,urban,train,5,43508.35,0.1902,The applicant is a man with 5 years of experience requesting a standard account review.,rejected,rejected,0.38439
case-121,Female,18-34,urban,train,18,74204.4,0.3218,The applicant is a woman with 18 years of experience requesting a standard account review.,rejected,rejected,0.45787
case-121,Male,18-34,urban,train,18,74204.4,0.3218,The applicant is a man with 18 years of experience requesting a standard account review.,rejected,approved,0.67488
case-122,Female,18-34,rural,test,20,73818.83,0.1338,The applicant is a woman with 20 years of experience requesting a standard account review.,rejected,approved,0.65012
case-122,Male,18-34,rural,test,20,73818.83,0.1338,The applicant is a man with 20 years of experience requesting a standard account review.,rejected,approved,0.704
case-123,Female,55+,urban,test,1,29757.23,0.5312,The applicant is a woman with 1 years of experience requesting a standard account review.,rejected,rejected,0.03252
case-123,Male,55+,urban,test,1,29757.23,0.5312,The applicant is a man with 1 years of experience requesting a standard account review.,rejected,rejected,0.17937
case-124,Female,35-54,urban,train,25,85873.82,0.2287,The applicant is a woman with 25 years of experience requesting a standard account review.,approved,approved,0.64532
case-124,Male,35-54,urban,train,25,85873.82,0.2287,The applicant is a man with 25 years of experience requesting a standard account review.,approved,approved,0.8614
case-125,Female,35-54,urban,train,6,49521.53,0.2881,The applicant is a woman with 6 years of experience requesting a standard account review.,approved,rejected,0.267
case-125,Male,35-54,urban,train,6,49521.53,0.2881,The applicant is a man with 6 years of experience requesting a standard account review.,approved,rejected,0.41891
case-126,Female,55+,rural,train,13,63257.76,0.4854,The applicant is a woman with 13 years of experience requesting a standard account review.,approved,rejected,0.17974
case-126,Male,55+,rural,train,13,63257.76,0.4854,The applicant is a man with 13 years of experience requesting a standard account review.,approved,rejected,0.36759
case-127,Female,18-34,rural,train,23,60248.1,0.1687,The applicant is a woman with 23 years of experience requesting a standard account review.,rejected,approved,0.53526
case-127,Male,18-34,rural,train,23,60248.1,0.1687,The applicant is a man with 23 years of experience requesting a standard account review.,rejected,approved,0.73124
case-128,Female,18-34,urban,test,25,92323.45,0.3702,The applicant is a woman with 25 years of experience requesting a standard account review.,rejected,approved,0.6124
case-128,Male,18-34,urban,test,25,92323.45,0.3702,The applicant is a man with 25 years of experience requesting a standard account review.,rejected,approved,0.70261
case-129,Female,55+,urban,train,16,64897.28,0.0926,The applicant is a woman with 16 years of experience requesting a standard account review.,approved,rejected,0.44388
case-129,Male,55+,urban,train,16,64897.28,0.0926,The applicant is a man with 16 years of experience requesting a standard account review.,approved,approved,0.61985
case-130,Female,18-34,urban,validation,23,74900.97,0.4319,The applicant is a woman with 23 years of experience requesting a standard account review.,rejected,rejected,0.47336
case-130,Male,18-34,urban,validation,23,74900.97,0.4319,The applicant is a man with 23 years of experience requesting a standard account review.,rejected,approved,0.6034
case-131,Female,35-54,urban,test,14,68706.08,0.5551,The applicant is a woman with 14 years of experience requesting a standard account review.,approved,rejected,0.31674
case-131,Male,35-54,urban,test,14,68706.08,0.5551,The applicant is a man with 14 years of experience requesting a standard account review.,approved,rejected,0.47088
case-132,Female,35-54,urban,train,3,31282.44,0.5376,The applicant is a woman with 3 years of experience requesting a standard account review.,rejected,rejected,0.13984
case-132,Male,35-54,urban,train,3,31282.44,0.5376,The applicant is a man with 3 years of experience requesting a standard account review.,rejected,rejected,0.29458
case-133,Female,35-54,rural,train,15,56154.24,0.2342,The applicant is a woman with 15 years of experience requesting a standard account review.,rejected,rejected,0.47443
case-133,Male,35-54,rural,train,15,56154.24,0.2342,The applicant is a man with 15 years of experience requesting a standard account review.,rejected,approved,0.62079
case-134,Female,18-34,urban,test,8,50745.03,0.2256,The applicant is a woman with 8 years of experience requesting a standard account review.,approved,rejected,0.34163
case-134,Male,18-34,urban,test,8,50745.03,0.2256,The applicant is a man with 8 years of experience requesting a standard account review.,approved,rejected,0.41155
case-135,Female,35-54,rural,train,15,57896.06,0.4673,The applicant is a woman with 15 years of experience requesting a standard account review.,approved,rejected,0.351
case-135,Male,35-54,rural,train,15,57896.06,0.4673,The applicant is a man with 15 years of experience requesting a standard account review.,approved,rejected,0.47156
case-136,Female,35-54,rural,train,3,31934.78,0.365,The applicant is a woman with 3 years of experience requesting a standard account review.,rejected,rejected,0.15792
case-136,Male,35-54,rural,train,3,31934.78,0.365,The applicant is a man with 3 years of experience requesting a standard account review.,rejected,rejected,0.2998
case-137,Female,55+,rural,validation,12,58755.01,0.4292,The applicant is a woman with 12 years of experience requesting a standard account review.,rejected,rejected,0.22934
case-137,Male,55+,rural,validation,12,58755.01,0.4292,The applicant is a man with 12 years of experience requesting a standard account review.,rejected,rejected,0.46775
case-138,Female,35-54,rural,test,21,78068.4,0.5971,The applicant is a woman with 21 years of experience requesting a standard account review.,rejected,rejected,0.39961
case-138,Male,35-54,rural,test,21,78068.4,0.5971,The applicant is a man with 21 years of experience requesting a standard account review.,rejected,approved,0.59806
case-139,Female,35-54,urban,test,23,84104.66,0.6342,The applicant is a woman with 23 years of experience requesting a standard account review.,approved,rejected,0.41253
case-139,Male,35-54,urban,test,23,84104.66,0.6342,The applicant is a man with 23 years of experience requesting a standard account review.,approved,approved,0.62222
case-140,Female,35-54,urban,train,21,71707.45,0.0494,The applicant is a woman with 21 years of experience requesting a standard account review.,approved,approved,0.65733
case-140,Male,35-54,urban,train,21,71707.45,0.0494,The applicant is a man with 21 years of experience requesting a standard account review.,approved,approved,0.78241
case-141,Female,35-54,urban,validation,14,75433.0,0.3621,The applicant is a woman with 14 years of experience requesting a standard account review.,rejected,rejected,0.43934
case-141,Male,35-54,urban,validation,14,75433.0,0.3621,The applicant is a man with 14 years of experience requesting a standard account review.,rejected,approved,0.56332
case-142,Female,18-34,rural,train,1,29671.4,0.6989,The applicant is a woman with 1 years of experience requesting a standard account review.,rejected,rejected,0.05829
case-142,Male,18-34,rural,train,1,29671.4,0.6989,The applicant is a man with 1 years of experience requesting a standard account review.,rejected,rejected,0.18669
case-143,Female,35-54,urban,test,19,72711.59,0.2401,The applicant is a woman with 19 years of experience requesting a standard account review.,approved,approved,0.58536
case-143,Male,35-54,urban,test,19,72711.59,0.2401,The applicant is a man with 19 years of experience requesting a standard account review.,approved,approved,0.76398
case-144,Female,18-34,urban,train,22,80218.66,0.112,The applicant is a woman with 22 years of experience requesting a standard account review.,approved,approved,0.61549
case-144,Male,18-34,urban,train,22,80218.66,0.112,The applicant is a man with 22 years of experience requesting a standard account review.,approved,approved,0.79632
case-145,Female,55+,urban,train,17,70842.45,0.1027,The applicant is a woman with 17 years of experience requesting a standard account review.,approved,rejected,0.46927
case-145,Male,55+,urban,train,17,70842.45,0.1027,The applicant is a man with 17 years of experience requesting a standard account review.,approved,approved,0.71605
case-146,Female,35-54,urban,validation,16,60039.47,0.1396,The applicant is a woman with 16 years of experience requesting a standard account review.,approved,rejected,0.4893
case-146,Male,35-54,urban,validation,16,60039.47,0.1396,The applicant is a man with 16 years of experience requesting a standard account review.,approved,approved,0.65573
case-147,Female,35-54,urban,train,19,69982.24,0.1375,The applicant is a woman with 19 years of experience requesting a standard account review.,rejected,approved,0.62061
case-147,Male,35-54,urban,train,19,69982.24,0.1375,The applicant is a man with 19 years of experience requesting a standard account review.,rejected,approved,0.75854
case-148,Female,18-34,urban,test,17,62465.49,0.5344,The applicant is a woman with 17 years of experience requesting a standard account review.,rejected,rejected,0.24755
case-148,Male,18-34,urban,test,17,62465.49,0.5344,The applicant is a man with 17 years of experience requesting a standard account review.,rejected,rejected,0.47801
case-149,Female,35-54,urban,test,13,56762.12,0.256,The applicant is a woman with 13 years of experience requesting a standard account review.,approved,rejected,0.44575
case-149,Male,35-54,urban,test,13,56762.12,0.256,The applicant is a man with 13 years of experience requesting a standard account review.,approved,approved,0.60116
case-150,Female,35-54,urban,train,13,63672.46,0.5352,The applicant is a woman with 13 years of experience requesting a standard account review.,rejected,rejected,0.2958
case-150,Male,35-54,urban,train,13,63672.46,0.5352,The applicant is a man with 13 years of experience requesting a standard account review.,rejected,rejected,0.48873
case-151,Female,18-34,urban,test,6,49436.84,0.5979,The applicant is a woman with 6 years of experience requesting a standard account review.,approved,rejected,0.07263
case-151,Male,18-34,urban,test,6,49436.84,0.5979,The applicant is a man with 6 years of experience requesting a standard account review.,approved,rejected,0.27782
case-152,Female,18-34,urban,train,16,60986.9,0.1628,The applicant is a woman with 16 years of experience requesting a standard account review.,approved,rejected,0.42204
case-152,Male,18-34,urban,train,16,60986.9,0.1628,The applicant is a man with 16 years of experience requesting a standard account review.,approved,approved,0.64867
case-153,Female,18-34,urban,train,4,37320.07,0.281,The applicant is a woman with 4 years of experience requesting a standard account review.,rejected,rejected,0.23123
case-153,Male,18-34,urban,train,4,37320.07,0.281,The applicant is a man with 4 years of experience requesting a standard account review.,rejected,rejected,0.39967
case-154,Female,35-54,urban,test,18,76874.18,0.4235,The applicant is a woman with 18 years of experience requesting a standard account review.,rejected,rejected,0.47678
case-154,Male,35-54,urban,test,18,76874.18,0.4235,The applicant is a man with 18 years of experience requesting a standard account review.,rejected,approved,0.67964
case-155,Female,35-54,urban,test,4,36887.47,0.3909,The applicant is a woman with 4 years of experience requesting a standard account review.,rejected,rejected,0.18756
case-155,Male,35-54,urban,test,4,36887.47,0.3909,The applicant is a man with 4 years of experience requesting a standard account review.,rejected,rejected,0.35109
case-156,Female,18-34,rural,test,9,39815.25,0.4214,The applicant is a woman with 9 years of experience requesting a standard account review.,rejected,rejected,0.19571
case-156,Male,18-34,rural,test,9,39815.25,0.4214,The applicant is a man with 9 years of experience requesting a standard account review.,rejected,rejected,0.40301
case-157,Female,35-54,urban,test,9,51986.39,0.4787,The applicant is a woman with 9 years of experience requesting a standard account review.,rejected,rejected,0.2327
case-157,Male,35-54,urban,test,9,51986.39,0.4787,The applicant is a man with 9 years of experience requesting a standard account review.,rejected,rejected,0.41626
case-158,Female,35-54,rural,train,1,21908.5,0.5432,The applicant is a woman with 1 years of experience requesting a standard account review.,approved,rejected,0.03667
case-158,Male,35-54,rural,train,1,21908.5,0.5432,The applicant is a man with 1 years of experience requesting a standard account review.,approved,rejected,0.23801
case-159,Female,18-34,urban,test,12,45928.39,0.0772,The applicant is a woman with 12 years of experience requesting a standard account review.,rejected,rejected,0.42062
case-159,Male,18-34,urban,test,12,45928.39,0.0772,The applicant is a man with 12 years of experience requesting a standard account review.,rejected,approved,0.55891
case-160,Female,35-54,urban,train,10,56987.33,0.4461,The applicant is a woman with 10 years of experience requesting a standard account review.,rejected,rejected,0.27484
case-160,Male,35-54,urban,train,10,56987.33,0.4461,The applicant is a man with 10 years of experience requesting a standard account review.,rejected,rejected,0.44093
case-161,Female,35-54,rural,test,14,47289.07,0.2425,The applicant is a woman with 14 years of experience requesting a standard account review.,rejected,rejected,0.40374
case-161,Male,35-54,rural,test,14,47289.07,0.2425,The applicant is a man with 14 years of experience requesting a standard account review.,rejected,approved,0.56607
case-162,Female,35-54,urban,validation,21,72022.91,0.2294,The applicant is a woman with 21 years of experience requesting a standard account review.,approved,approved,0.59428
case-162,Male,35-54,urban,validation,21,72022.91,0.2294,The applicant is a man with 21 years of experience requesting a standard account review.,approved,approved,0.82662
case-163,Female,55+,rural,train,6,41545.52,0.5155,The applicant is a woman with 6 years of experience requesting a standard account review.,approved,rejected,0.0368
case-163,Male,55+,rural,train,6,41545.52,0.5155,The applicant is a man with 6 years of experience requesting a standard account review.,approved,rejected,0.27268
case-164,Female,55+,urban,validation,18,67227.35,0.2023,The applicant is a woman with 18 years of experience requesting a standard account review.,rejected,rejected,0.44992
case-164,Male,55+,urban,validation,18,67227.35,0.2023,The applicant is a man with 18 years of experience requesting a standard account review.,rejected,approved,0.58656
case-165,Female,18-34,rural,test,7,39645.13,0.4263,The applicant is a woman with 7 years of experience requesting a standard account review.,rejected,rejected,0.19576
case-165,Male,18-34,rural,test,7,39645.13,0.4263,The applicant is a man with 7 years of experience requesting a standard account review.,rejected,rejected,0.39583
case-166,Female,55+,rural,train,12,45793.67,0.636,The applicant is a woman with 12 years of experience requesting a standard account review.,rejected,rejected,0.03067
case-166,Male,55+,rural,train,12,45793.67,0.636,The applicant is a man with 12 years of experience requesting a standard account review.,rejected,rejected,0.30909
case-167,Female,18-34,rural,train,10,54201.96,0.6691,The applicant is a woman with 10 years of experience requesting a standard account review.,rejected,rejected,0.17479
case-167,Male,18-34,rural,train,10,54201.96,0.6691,The applicant is a man with 10 years of experience requesting a standard account review.,rejected,rejected,0.32931
case-168,Female,35-54,urban,test,25,88069.4,0.2716,The applicant is a woman with 25 years of experience requesting a standard account review.,approved,approved,0.65339
case-168,Male,35-54,urban,test,25,88069.4,0.2716,The applicant is a man with 25 years of experience requesting a standard account review.,approved,approved,0.91336
case-169,Female,18-34,urban,test,22,75238.71,0.1241,The applicant is a woman with 22 years of experience requesting a standard account review.,approved,approved,0.54762
case-169,Male,18-34,urban,test,22,75238.71,0.1241,The applicant is a man with 22 years of experience requesting a standard account review.,approved,approved,0.74094
case-170,Female,35-54,urban,test,7,44703.92,0.4557,The applicant is a woman with 7 years of experience requesting a standard account review.,rejected,rejected,0.23624
case-170,Male,35-54,urban,test,7,44703.92,0.4557,The applicant is a man with 7 years of experience requesting a standard account review.,rejected,rejected,0.38408
case-171,Female,18-34,rural,test,20,66240.81,0.3054,The applicant is a woman with 20 years of experience requesting a standard account review.,rejected,rejected,0.48509
case-171,Male,18-34,rural,test,20,66240.81,0.3054,The applicant is a man with 20 years of experience requesting a standard account review.,rejected,approved,0.61083
case-172,Female,35-54,urban,train,23,82122.7,0.2017,The applicant is a woman with 23 years of experience requesting a standard account review.,rejected,approved,0.65309
case-172,Male,35-54,urban,train,23,82122.7,0.2017,The applicant is a man with 23 years of experience requesting a standard account review.,rejected,approved,0.77952
case-173,Female,35-54,urban,train,19,74734.4,0.4382,The applicant is a woman with 19 years of experience requesting a standard account review.,approved,rejected,0.42412
case-173,Male,35-54,urban,train,19,74734.4,0.4382,The applicant is a man with 19 years of experience requesting a standard account review.,approved,approved,0.59648
case-174,Female,35-54,urban,test,15,61588.16,0.5367,The applicant is a woman with 15 years of experience requesting a standard account review.,approved,rejected,0.34407
case-174,Male,35-54,urban,test,15,61588.16,0.5367,The applicant is a man with 15 years of experience requesting a standard account review.,approved,rejected,0.46695
case-175,Female,35-54,urban,train,24,73420.8,0.1599,The applicant is a woman with 24 years of experience requesting a standard account review.,approved,approved,0.6594
case-175,Male,35-54,urban,train,24,73420.8,0.1599,The applicant is a man with 24 years of experience requesting a standard account review.,approved,approved,0.88044
case-176,Female,35-54,urban,train,9,52612.28,0.3513,The applicant is a woman with 9 years of experience requesting a standard account review.,rejected,rejected,0.26954
case-176,Male,35-54,urban,train,9,52612.28,0.3513,The applicant is a man with 9 years of experience requesting a standard account review.,rejected,rejected,0.41545
case-177,Female,18-34,urban,train,22,80272.9,0.4524,The applicant is a woman with 22 years of experience requesting a standard account review.,approved,rejected,0.41415
case-177,Male,18-34,urban,train,22,80272.9,0.4524,The applicant is a man with 22 years of experience requesting a standard account review.,approved,approved,0.58093
case-178,Female,35-54,urban,train,7,49730.03,0.2313,The applicant is a woman with 7 years of experience requesting a standard account review.,approved,rejected,0.33026
case-178,Male,35-54,urban,train,7,49730.03,0.2313,The applicant is a man with 7 years of experience requesting a standard account review.,approved,rejected,0.46597
case-179,Female,55+,rural,train,7,43217.3,0.4692,The applicant is a woman with 7 years of experience requesting a standard account review.,rejected,rejected,0.10306
case-179,Male,55+,rural,train,7,43217.3,0.4692,The applicant is a man with 7 years of experience requesting a standard account review.,rejected,rejected,0.26577
